{
  "project_info": {
    "project_number": "742577733328",
    "project_id": "login-fe121",
    "storage_bucket": "login-fe121.appspot.com"
  },
  "client": [
    {
      "client_info": {
        "mobilesdk_app_id": "1:742577733328:android:26869f3c9bb9d68bd3e8d5",
        "android_client_info": {
          "package_name": "com.example.mycar"
        }
      },
      "oauth_client": [
        {
          "client_id": "742577733328-us4lek178tkc7b1kaaak2ve77nimt3td.apps.googleusercontent.com",
          "client_type": 3
        }
      ],
      "api_key": [
        {
          "current_key": "AIzaSyCiy2AOHTW54BNRlieJQmtJqIkL0jtQ5Jg"
        }
      ],
      "services": {
        "appinvite_service": {
          "other_platform_oauth_client": [
            {
              "client_id": "742577733328-us4lek178tkc7b1kaaak2ve77nimt3td.apps.googleusercontent.com",
              "client_type": 3
            }
          ]
        }
      }
    }
  ],
  "configuration_version": "1"
}